date,rank,stage_url,stage_name,nationality,class,distance,pcs_points,uci_points,vertical meters,profile score,won how
2014-09-28,,race/world-championship/2014/result,World Championships ME - Road Race,ES,WC,254.8,0,0.0,4520,127,6 km solo
2014-09-21,10.0,race/world-championship-ttt/2014/result,World Championships - TTT,ES,WC,57.12,0,0.0,Filler,Filler,Filler
2014-08-31,93.0,race/bretagne-classic/2014/result,GP Ouest France - Plouay,FR,1.UWT,229.1,5,0.0,Filler,Filler,Filler
2014-08-24,81.0,race/cyclassics-hamburg/2014/result,Vattenfall Cyclassics,DE,1.UWT,245.9,5,0.0,Filler,Filler,Filler
2014-08-17,10.0,race/renewi-tour/2014/stage-7,Eneco Tour | Stage 7,NL,2.UWT,183.4,1,0.0,2143,70,35 km solo
2014-08-16,71.0,race/renewi-tour/2014/stage-6,Eneco Tour | Stage 6,NL,2.UWT,173.3,0,0.0,2855,185,10.3 km solo
2014-08-15,38.0,race/renewi-tour/2014/stage-5,Eneco Tour | Stage 5,NL,2.UWT,160.3,0,0.0,1830,73,0.4 km solo
2014-08-14,77.0,race/renewi-tour/2014/stage-4,Eneco Tour | Stage 4,NL,2.UWT,183.3,0,0.0,417,1,Sprint of large group
2014-08-13,19.0,race/renewi-tour/2014/stage-3,Eneco Tour | Stage 3 (ITT),NL,2.UWT,9.6,0,0.0,31,0,Time Trial
2014-08-12,67.0,race/renewi-tour/2014/stage-2,Eneco Tour | Stage 2,NL,2.UWT,177.4,0,0.0,231,0,Sprint of large group
2014-08-11,80.0,race/renewi-tour/2014/stage-1,Eneco Tour | Stage 1,NL,2.UWT,181.9,0,0.0,139,0,Sprint of large group
2014-08-02,70.0,race/san-sebastian/2014/result,Clasica Ciclista San Sebastian,ES,1.UWT,219.2,5,0.0,3796,169,4 km solo
2014-05-25,,race/giro-d-italia/2014/stage-15,Giro d'Italia | Stage 15,IT,2.UWT,225.0,0,0.0,2344,267,2.2 km solo
2014-05-24,120.0,race/giro-d-italia/2014/stage-14,Giro d'Italia | Stage 14,IT,2.UWT,164.0,0,0.0,3691,284,Sprint of small group
2014-05-23,118.0,race/giro-d-italia/2014/stage-13,Giro d'Italia | Stage 13,IT,2.UWT,157.0,0,0.0,780,15,Sprint of 96 riders
2014-05-22,34.0,race/giro-d-italia/2014/stage-12,Giro d'Italia | Stage 12 (ITT),IT,2.UWT,42.2,0,0.0,654,50,Time Trial
2014-05-21,120.0,race/giro-d-italia/2014/stage-11,Giro d'Italia | Stage 11,IT,2.UWT,249.0,0,0.0,3435,128,21.4 km solo
2014-05-20,104.0,race/giro-d-italia/2014/stage-10,Giro d'Italia | Stage 10,IT,2.UWT,173.0,0,0.0,403,9,Sprint of large group
2014-05-18,97.0,race/giro-d-italia/2014/stage-9,Giro d'Italia | Stage 9,IT,2.UWT,172.0,0,0.0,2409,199,Sprint à deux
2014-05-17,86.0,race/giro-d-italia/2014/stage-8,Giro d'Italia | Stage 8,IT,2.UWT,179.0,0,0.0,3515,282,Sprint à deux
2014-05-16,140.0,race/giro-d-italia/2014/stage-7,Giro d'Italia | Stage 7,IT,2.UWT,211.0,0,0.0,2645,74,Sprint of large group
2014-05-15,34.0,race/giro-d-italia/2014/stage-6,Giro d'Italia | Stage 6,IT,2.UWT,257.0,0,0.0,1997,84,Sprint of 23 riders
2014-05-14,140.0,race/giro-d-italia/2014/stage-5,Giro d'Italia | Stage 5,IT,2.UWT,203.0,0,0.0,2413,103,Sprint of large group
2014-05-13,23.0,race/giro-d-italia/2014/stage-4,Giro d'Italia | Stage 4,IT,2.UWT,112.0,0,0.0,309,1,Sprint of large group
2014-05-11,148.0,race/giro-d-italia/2014/stage-3,Giro d'Italia | Stage 3,IT,2.UWT,187.0,0,0.0,1243,8,Sprint of large group
2014-05-10,163.0,race/giro-d-italia/2014/stage-2,Giro d'Italia | Stage 2,IT,2.UWT,219.0,0,0.0,1349,11,Sprint of large group
2014-05-09,22.0,race/giro-d-italia/2014/stage-1,Giro d'Italia | Stage 1 (TTT),IT,2.UWT,21.7,0,0.0,119,5,Time Trial
2014-04-13,64.0,race/paris-roubaix/2014/result,Paris - Roubaix,FR,1.UWT,257.0,5,0.0,1318,6,6.3 km solo
2014-04-06,89.0,race/ronde-van-vlaanderen/2014/result,Ronde van Vlaanderen / Tour des Flandres ME,BE,1.UWT,259.1,5,0.0,2095,75,Sprint of small group
2014-03-30,45.0,race/gent-wevelgem/2014/result,Gent-Wevelgem In Flanders Fields ME,BE,1.UWT,233.0,5,0.0,1502,36,Sprint of large group
2014-03-28,58.0,race/e3-harelbeke/2014/result,E3 Harelbeke,BE,1.UWT,211.0,5,0.0,1886,55,Sprint of 48 riders
2015-09-27,96.0,race/world-championship/2015/result,World Championships ME - Road Race,US,WC,261.4,15,0.0,2089,60,2.7 km solo
2015-09-20,12.0,race/world-championship-ttt/2015/result,World Championships - TTT,US,WC,38.6,0,0.0,Filler,Filler,Filler
2015-08-30,60.0,race/bretagne-classic/2015/result,GP Ouest France - Plouay,FR,1.UWT,229.1,5,0.0,Filler,Filler,Filler
2015-08-23,124.0,race/cyclassics-hamburg/2015/result,Vattenfall Cyclassics,DE,1.UWT,221.3,5,0.0,1307,32,Sprint of large group
2015-08-16,44.0,race/renewi-tour/2015/stage-7,Eneco Tour | Stage 7,BE,2.UWT,193.8,0,0.0,1917,67,5.6 km solo
2015-08-15,41.0,race/renewi-tour/2015/stage-6,Eneco Tour | Stage 6,BE,2.UWT,198.0,0,0.0,3520,155,22.3 km solo
2015-08-14,2.0,race/renewi-tour/2015/stage-5,Eneco Tour | Stage 5,BE,2.UWT,179.6,30,4.0,2089,70,Sprint à deux
2015-08-13,15.0,race/renewi-tour/2015/stage-4,Eneco Tour | Stage 4 (ITT),BE,2.UWT,13.9,0,0.0,60,0,Time Trial
2015-08-12,37.0,race/renewi-tour/2015/stage-3,Eneco Tour | Stage 3,BE,2.UWT,171.9,0,0.0,334,0,Sprint of large group
2015-08-11,64.0,race/renewi-tour/2015/stage-2,Eneco Tour | Stage 2,BE,2.UWT,180.0,0,0.0,312,0,Sprint of large group
2015-08-10,95.0,race/renewi-tour/2015/stage-1,Eneco Tour | Stage 1,BE,2.UWT,183.5,0,0.0,161,0,Sprint of large group
2015-07-26,52.0,race/tour-de-france/2015/stage-21,Tour de France | Stage 21,FR,2.UWT,109.5,0,0.0,562,5,Sprint of large group
2015-07-25,83.0,race/tour-de-france/2015/stage-20,Tour de France | Stage 20,FR,2.UWT,110.5,0,0.0,3164,332,6.4 km solo
2015-07-24,68.0,race/tour-de-france/2015/stage-19,Tour de France | Stage 19,FR,2.UWT,138.0,0,0.0,4545,376,16.2 km solo
2015-07-23,93.0,race/tour-de-france/2015/stage-18,Tour de France | Stage 18,FR,2.UWT,186.5,0,0.0,4424,260,35 km solo
2015-07-22,70.0,race/tour-de-france/2015/stage-17,Tour de France | Stage 17,FR,2.UWT,161.0,0,0.0,4208,253,48.7 km solo
2015-07-20,79.0,race/tour-de-france/2015/stage-16,Tour de France | Stage 16,FR,2.UWT,201.0,0,0.0,2322,89,18.5 km solo
2015-07-19,141.0,race/tour-de-france/2015/stage-15,Tour de France | Stage 15,FR,2.UWT,183.0,0,0.0,1993,53,Sprint of large group
2015-07-18,154.0,race/tour-de-france/2015/stage-14,Tour de France | Stage 14,FR,2.UWT,178.5,0,0.0,2772,186,0.5 km solo
2015-07-17,143.0,race/tour-de-france/2015/stage-13,Tour de France | Stage 13,FR,2.UWT,198.5,0,0.0,2299,81,Sprint of small group
2015-07-16,137.0,race/tour-de-france/2015/stage-12,Tour de France | Stage 12,FR,2.UWT,195.0,0,0.0,4948,393,7.7 km solo
2015-07-15,164.0,race/tour-de-france/2015/stage-11,Tour de France | Stage 11,FR,2.UWT,188.0,0,0.0,4099,275,48.4 km solo
2015-07-14,161.0,race/tour-de-france/2015/stage-10,Tour de France | Stage 10,FR,2.UWT,167.0,0,0.0,2655,271,6.5 km solo
2015-07-12,12.0,race/tour-de-france/2015/stage-9,Tour de France | Stage 9 (TTT),FR,2.UWT,28.0,0,0.0,401,25,Time Trial
2015-07-11,178.0,race/tour-de-france/2015/stage-8,Tour de France | Stage 8,FR,2.UWT,181.5,0,0.0,2057,72,0.7 km solo
2015-07-10,152.0,race/tour-de-france/2015/stage-7,Tour de France | Stage 7,FR,2.UWT,190.5,0,0.0,1694,25,Sprint of large group
2015-07-09,140.0,race/tour-de-france/2015/stage-6,Tour de France | Stage 6,FR,2.UWT,191.5,0,0.0,1694,38,0.8 km solo
2015-07-08,101.0,race/tour-de-france/2015/stage-5,Tour de France | Stage 5,FR,2.UWT,189.5,0,0.0,1606,24,Sprint of large group
2015-07-07,149.0,race/tour-de-france/2015/stage-4,Tour de France | Stage 4,FR,2.UWT,223.5,0,0.0,1552,15,3.4 km solo
2015-07-06,126.0,race/tour-de-france/2015/stage-3,Tour de France | Stage 3,FR,2.UWT,159.5,0,0.0,1435,100,Sprint of small group
2015-07-05,175.0,race/tour-de-france/2015/stage-2,Tour de France | Stage 2,FR,2.UWT,166.0,0,0.0,241,0,Sprint of large group
2015-07-04,16.0,race/tour-de-france/2015/stage-1,Tour de France | Stage 1 (ITT),FR,2.UWT,13.8,0,0.0,28,0,Time Trial
2015-06-14,104.0,race/dauphine/2015/stage-8,Critérium du Dauphiné | Stage 8,FR,2.UWT,156.5,0,0.0,2979,216,2.4 km solo
2015-06-13,108.0,race/dauphine/2015/stage-7,Critérium du Dauphiné | Stage 7,FR,2.UWT,155.0,0,0.0,4282,323,1.7 km solo
2015-06-12,66.0,race/dauphine/2015/stage-6,Critérium du Dauphiné | Stage 6,FR,2.UWT,183.0,0,0.0,3562,183,Sprint à deux
2015-06-11,151.0,race/dauphine/2015/stage-5,Critérium du Dauphiné | Stage 5,FR,2.UWT,161.0,0,0.0,4225,255,22.3 km solo
2015-06-10,138.0,race/dauphine/2015/stage-4,Critérium du Dauphiné | Stage 4,FR,2.UWT,228.0,0,0.0,2369,56,Sprint of large group
2015-06-09,7.0,race/dauphine/2015/stage-3,Critérium du Dauphiné | Stage 3 (TTT),FR,2.UWT,24.5,0,0.0,373,16,Time Trial
2015-06-08,142.0,race/dauphine/2015/stage-2,Critérium du Dauphiné | Stage 2,FR,2.UWT,173.0,0,0.0,2226,53,Sprint of large group
2015-06-07,164.0,race/dauphine/2015/stage-1,Critérium du Dauphiné | Stage 1,FR,2.UWT,132.0,0,0.0,1519,68,2.3 km solo
2015-04-12,133.0,race/paris-roubaix/2015/result,Paris - Roubaix,FR,1.UWT,253.5,5,0.0,1033,2,Sprint of small group
2015-04-05,37.0,race/ronde-van-vlaanderen/2015/result,Ronde van Vlaanderen / Tour des Flandres ME,BE,1.UWT,264.9,5,0.0,2174,68,Sprint à deux
2015-03-29,,race/gent-wevelgem/2015/result,Gent - Wevelgem ME,BE,1.UWT,240.0,0,0.0,1506,37,6.2 km solo
2015-03-27,24.0,race/e3-harelbeke/2015/result,E3 Harelbeke,BE,1.UWT,215.3,11,0.0,1866,58,4.5 km solo
2015-03-15,25.0,race/paris-nice/2015/stage-7,Paris - Nice | Stage 7 (ITT),FR,2.UWT,9.6,0,0.0,518,73,Time Trial
2015-03-14,56.0,race/paris-nice/2015/stage-6,Paris - Nice | Stage 6,FR,2.UWT,181.5,0,0.0,3591,161,30 km solo
2015-03-13,69.0,race/paris-nice/2015/stage-5,Paris - Nice | Stage 5,FR,2.UWT,192.0,0,0.0,1789,54,Sprint of large group
2015-03-12,90.0,race/paris-nice/2015/stage-4,Paris - Nice | Stage 4,FR,2.UWT,204.0,0,0.0,3295,197,Sprint à deux
2015-03-11,117.0,race/paris-nice/2015/stage-3,Paris - Nice | Stage 3,FR,2.UWT,179.0,0,0.0,2085,52,Sprint of large group
2015-03-10,122.0,race/paris-nice/2015/stage-2,Paris - Nice | Stage 2,FR,2.UWT,172.0,0,0.0,1074,10,Sprint of large group
2015-03-09,49.0,race/paris-nice/2015/stage-1,Paris - Nice | Stage 1,FR,2.UWT,192.0,0,0.0,748,4,Sprint of large group
2015-03-08,35.0,race/paris-nice/2015/prologue,Paris - Nice | Prologue,FR,2.UWT,6.7,0,0.0,61,7,Time Trial
2016-10-16,48.0,race/world-championship/2016/result,World Championships ME - Road Race,QA,WC,257.3,15,10.0,401,1,Sprint of 12 riders
2016-09-25,,race/renewi-tour/2016/stage-7,Eneco Tour | Stage 7,BE,2.UWT,197.8,0,0.0,1694,62,Sprint of small group
2016-09-24,51.0,race/renewi-tour/2016/stage-6,Eneco Tour | Stage 6,BE,2.UWT,185.2,0,0.0,1408,35,Sprint of 85 riders
2016-09-23,13.0,race/renewi-tour/2016/stage-5,Eneco Tour | Stage 5 (TTT),BE,2.UWT,20.9,0,0.0,171,5,Time Trial
2016-09-22,107.0,race/renewi-tour/2016/stage-4,Eneco Tour | Stage 4,BE,2.UWT,201.4,0,0.0,1397,35,Sprint of large group
2016-09-21,61.0,race/renewi-tour/2016/stage-3,Eneco Tour | Stage 3,BE,2.UWT,182.3,0,0.0,344,0,Sprint of large group
2016-09-20,82.0,race/renewi-tour/2016/stage-2,Eneco Tour | Stage 2 (ITT),BE,2.UWT,9.6,0,0.0,0,0,Time Trial
2016-09-19,34.0,race/renewi-tour/2016/stage-1,Eneco Tour | Stage 1,BE,2.UWT,184.7,0,0.0,145,0,Sprint of large group
2016-08-28,,race/bretagne-classic/2016/result,Bretagne Classic - Ouest-France,FR,1.UWT,247.0,0,0.0,2914,83,Sprint à deux
2016-07-24,37.0,race/tour-de-france/2016/stage-21,Tour de France | Stage 21,FR,2.UWT,113.0,0,0.0,713,7,Sprint of large group
2016-07-23,74.0,race/tour-de-france/2016/stage-20,Tour de France | Stage 20,FR,2.UWT,146.5,0,0.0,4127,314,8.5 km solo
2016-07-22,65.0,race/tour-de-france/2016/stage-19,Tour de France | Stage 19,FR,2.UWT,146.0,0,0.0,4436,337,3.3 km solo
2016-07-21,86.0,race/tour-de-france/2016/stage-18,Tour de France | Stage 18 (ITT),FR,2.UWT,17.0,0,0.0,676,104,Time Trial
2016-07-20,74.0,race/tour-de-france/2016/stage-17,Tour de France | Stage 17,FR,2.UWT,184.5,0,0.0,3891,359,6.5 km solo
2016-07-18,98.0,race/tour-de-france/2016/stage-16,Tour de France | Stage 16,FR,2.UWT,209.0,0,0.0,1967,48,Sprint of large group
2016-07-17,67.0,race/tour-de-france/2016/stage-15,Tour de France | Stage 15,FR,2.UWT,159.0,0,0.0,4386,286,Sprint à deux
2016-07-16,169.0,race/tour-de-france/2016/stage-14,Tour de France | Stage 14,FR,2.UWT,208.5,0,0.0,1958,30,Sprint of large group
2016-07-15,59.0,race/tour-de-france/2016/stage-13,Tour de France | Stage 13 (ITT),FR,2.UWT,37.5,0,0.0,752,54,Time Trial
2016-07-14,67.0,race/tour-de-france/2016/stage-12,Tour de France | Stage 12,FR,2.UWT,178.0,0,0.0,2416,268,Sprint à deux
2016-07-13,144.0,race/tour-de-france/2016/stage-11,Tour de France | Stage 11,FR,2.UWT,162.5,0,0.0,1381,24,Sprint of 3 riders
2016-07-12,33.0,race/tour-de-france/2016/stage-10,Tour de France | Stage 10,FR,2.UWT,197.0,0,0.0,2432,80,Sprint of 127 riders
2016-07-10,99.0,race/tour-de-france/2016/stage-9,Tour de France | Stage 9,FR,2.UWT,184.0,0,0.0,4948,366,12.8 km solo
2016-07-09,59.0,race/tour-de-france/2016/stage-8,Tour de France | Stage 8,FR,2.UWT,184.0,0,0.0,4597,302,15.5 km solo
2016-07-08,101.0,race/tour-de-france/2016/stage-7,Tour de France | Stage 7,FR,2.UWT,162.5,0,0.0,2578,176,26.8 km solo
2016-07-07,171.0,race/tour-de-france/2016/stage-6,Tour de France | Stage 6,FR,2.UWT,190.5,0,0.0,2025,47,Sprint of large group
2016-07-06,111.0,race/tour-de-france/2016/stage-5,Tour de France | Stage 5,FR,2.UWT,216.0,0,0.0,4105,225,17.4 km solo
2016-07-05,166.0,race/tour-de-france/2016/stage-4,Tour de France | Stage 4,FR,2.UWT,237.5,0,0.0,1934,47,Sprint of large group
2016-07-04,174.0,race/tour-de-france/2016/stage-3,Tour de France | Stage 3,FR,2.UWT,223.5,0,0.0,1975,20,Sprint of large group
2016-07-03,179.0,race/tour-de-france/2016/stage-2,Tour de France | Stage 2,FR,2.UWT,183.0,0,0.0,1985,70,Sprint of large group
2016-07-02,166.0,race/tour-de-france/2016/stage-1,Tour de France | Stage 1,FR,2.UWT,188.0,0,0.0,1071,10,Sprint of large group
2016-06-12,80.0,race/dauphine/2016/stage-7,Criterium du Dauphiné | Stage 7,FR,2.UWT,151.0,0,0.0,3794,264,50 km solo
2016-06-11,74.0,race/dauphine/2016/stage-6,Criterium du Dauphiné | Stage 6,FR,2.UWT,141.0,0,0.0,4528,344,Sprint à deux
2016-06-10,95.0,race/dauphine/2016/stage-5,Criterium du Dauphiné | Stage 5,FR,2.UWT,140.0,0,0.0,3369,228,Sprint à deux
2016-06-09,129.0,race/dauphine/2016/stage-4,Criterium du Dauphiné | Stage 4,FR,2.UWT,176.0,0,0.0,1479,31,Sprint of large group
2016-06-08,169.0,race/dauphine/2016/stage-3,Criterium du Dauphiné | Stage 3,FR,2.UWT,187.5,0,0.0,2386,84,14.8 km solo
2016-06-07,124.0,race/dauphine/2016/stage-2,Criterium du Dauphiné | Stage 2,FR,2.UWT,168.0,0,0.0,2890,129,Sprint of large group
2016-06-06,149.0,race/dauphine/2016/stage-1,Criterium du Dauphiné | Stage 1,FR,2.UWT,186.0,0,0.0,1878,40,Sprint of large group
2016-06-05,115.0,race/dauphine/2016/prologue,Criterium du Dauphiné | Prologue,FR,2.UWT,4.0,0,0.0,348,79,Time Trial
2016-04-10,16.0,race/paris-roubaix/2016/result,Paris - Roubaix,FR,1.UWT,257.5,28,30.0,1296,3,Sprint of small group
2016-04-03,6.0,race/ronde-van-vlaanderen/2016/result,Ronde van Vlaanderen / Tour des Flandres ME,BE,1.UWT,255.0,90,175.0,2220,75,13.3 km solo
2016-03-27,,race/gent-wevelgem/2016/result,Gent - Wevelgem in Flanders Fields ME,BE,1.UWT,242.0,0,0.0,1342,31,Sprint of 16 riders
2016-03-25,19.0,race/e3-harelbeke/2016/result,E3 Harelbeke,BE,1.UWT,206.0,16,24.0,1779,50,Sprint à deux
2016-03-19,69.0,race/milano-sanremo/2016/result,Milano-Sanremo,IT,1.UWT,293.0,5,0.0,2233,64,Sprint of large group
2016-03-13,37.0,race/paris-nice/2016/stage-7,Paris - Nice | Stage 7,FR,2.UWT,141.0,0,0.0,2728,155,Sprint of 14 riders
2016-03-12,65.0,race/paris-nice/2016/stage-6,Paris - Nice | Stage 6,FR,2.UWT,177.0,0,0.0,4160,271,Sprint of small group
2016-03-11,92.0,race/paris-nice/2016/stage-5,Paris - Nice | Stage 5,FR,2.UWT,198.0,0,0.0,3089,115,16 km solo
2016-03-10,138.0,race/paris-nice/2016/stage-4,Paris - Nice | Stage 4,FR,2.UWT,193.5,0,0.0,2461,61,Sprint of large group
2016-03-08,89.0,race/paris-nice/2016/stage-2,Paris - Nice | Stage 2,FR,2.UWT,214.0,0,0.0,1792,34,Sprint of large group
2016-03-07,23.0,race/paris-nice/2016/stage-1,Paris - Nice | Stage 1,FR,2.UWT,195.0,0,0.0,935,12,Sprint of large group
2016-03-06,59.0,race/paris-nice/2016/prologue,Paris - Nice | Prologue,FR,2.UWT,6.1,0,0.0,73,1,Time Trial
2017-10-24,103.0,race/tour-of-guangxi/2017/stage-6,Gree - Tour of Guangxi | Stage 6,CN,2.UWT,168.1,0,0.0,969,23,Sprint of large group
2017-10-23,64.0,race/tour-of-guangxi/2017/stage-5,Gree - Tour of Guangxi | Stage 5,CN,2.UWT,212.2,0,0.0,1509,54,Sprint of large group
2017-10-22,62.0,race/tour-of-guangxi/2017/stage-4,Gree - Tour of Guangxi | Stage 4,CN,2.UWT,151.0,0,0.0,1178,56,0.4 km solo
2017-10-21,96.0,race/tour-of-guangxi/2017/stage-3,Gree - Tour of Guangxi | Stage 3,CN,2.UWT,125.4,0,0.0,798,11,Sprint of large group
2017-10-20,36.0,race/tour-of-guangxi/2017/stage-2,Gree - Tour of Guangxi | Stage 2,CN,2.UWT,156.7,0,0.0,833,14,Sprint of large group
2017-10-19,118.0,race/tour-of-guangxi/2017/stage-1,Gree - Tour of Guangxi | Stage 1,CN,2.UWT,107.4,0,0.0,339,14,Sprint of large group
2017-08-27,40.0,race/bretagne-classic/2017/result,Bretagne Classic - Ouest-France,FR,1.UWT,239.7,5,8.0,3176,98,Sprint of large group
2017-08-13,10.0,race/renewi-tour/2017/stage-7,BinckBank Tour | Stage 7,BE,2.UWT,193.5,1,0.0,1064,43,3 km solo
2017-08-12,68.0,race/renewi-tour/2017/stage-6,BinckBank Tour | Stage 6,BE,2.UWT,196.9,0,0.0,3027,91,Sprint à deux
2017-08-11,51.0,race/renewi-tour/2017/stage-5,BinckBank Tour | Stage 5,BE,2.UWT,164.9,0,0.0,1371,30,1.5 km solo
2017-08-10,66.0,race/renewi-tour/2017/stage-4,BinckBank Tour | Stage 4,BE,2.UWT,160.7,0,0.0,831,5,Sprint of large group
2017-08-09,76.0,race/renewi-tour/2017/stage-3,BinckBank Tour | Stage 3,BE,2.UWT,186.0,0,0.0,342,0,Sprint of large group
2017-08-08,47.0,race/renewi-tour/2017/stage-2,BinckBank Tour | Stage 2 (ITT),BE,2.UWT,9.0,0,0.0,5,0,Time Trial
2017-08-07,19.0,race/renewi-tour/2017/stage-1,BinckBank Tour | Stage 1,BE,2.UWT,179.7,0,0.0,280,0,Sprint of large group
2017-07-30,50.0,race/ride-london-classic/2017/result,Prudential RideLondon-Surrey Classic,GB,1.UWT,185.9,5,5.0,1648,35,Sprint of large group
2017-07-23,21.0,race/tour-de-france/2017/stage-21,Tour de France | Stage 21,FR,2.UWT,105.0,0,0.0,519,4,Sprint of large group
2017-07-22,24.0,race/tour-de-france/2017/stage-20,Tour de France | Stage 20 (ITT),FR,2.UWT,22.5,0,0.0,160,22,Time Trial
2017-07-21,49.0,race/tour-de-france/2017/stage-19,Tour de France | Stage 19,FR,2.UWT,222.5,0,0.0,2613,59,2.6 km solo
2017-07-20,104.0,race/tour-de-france/2017/stage-18,Tour de France | Stage 18,FR,2.UWT,179.5,0,0.0,4059,338,1 km solo
2017-07-19,67.0,race/tour-de-france/2017/stage-17,Tour de France | Stage 17,FR,2.UWT,183.0,0,0.0,5064,300,34.4 km solo
2017-07-18,38.0,race/tour-de-france/2017/stage-16,Tour de France | Stage 16,FR,2.UWT,165.0,0,0.0,2033,47,Sprint of large group
2017-07-16,42.0,race/tour-de-france/2017/stage-15,Tour de France | Stage 15,FR,2.UWT,189.5,0,0.0,3164,154,30 km solo
2017-07-15,115.0,race/tour-de-france/2017/stage-14,Tour de France | Stage 14,FR,2.UWT,181.5,0,0.0,1786,85,Sprint of large group
2017-07-14,87.0,race/tour-de-france/2017/stage-13,Tour de France | Stage 13,FR,2.UWT,101.0,0,0.0,2856,243,Sprint of 10 riders
2017-07-13,106.0,race/tour-de-france/2017/stage-12,Tour de France | Stage 12,FR,2.UWT,214.5,0,0.0,4903,375,Sprint of small group
2017-07-12,171.0,race/tour-de-france/2017/stage-11,Tour de France | Stage 11,FR,2.UWT,203.5,0,0.0,1163,15,Sprint of large group
2017-07-11,70.0,race/tour-de-france/2017/stage-10,Tour de France | Stage 10,FR,2.UWT,178.0,0,0.0,1407,25,Sprint of large group
2017-07-09,40.0,race/tour-de-france/2017/stage-9,Tour de France | Stage 9,FR,2.UWT,181.5,0,0.0,4696,275,Sprint of small group
2017-07-08,65.0,race/tour-de-france/2017/stage-8,Tour de France | Stage 8,FR,2.UWT,187.5,0,0.0,3591,229,17.9 km solo
2017-07-07,183.0,race/tour-de-france/2017/stage-7,Tour de France | Stage 7,FR,2.UWT,213.5,0,0.0,1578,20,Sprint of large group
2017-07-06,178.0,race/tour-de-france/2017/stage-6,Tour de France | Stage 6,FR,2.UWT,216.0,0,0.0,1735,29,Sprint of large group
2017-07-05,117.0,race/tour-de-france/2017/stage-5,Tour de France | Stage 5,FR,2.UWT,160.5,0,0.0,2348,151,2.4 km solo
2017-07-04,92.0,race/tour-de-france/2017/stage-4,Tour de France | Stage 4,FR,2.UWT,207.5,0,0.0,1404,24,Sprint of large group
2017-07-03,153.0,race/tour-de-france/2017/stage-3,Tour de France | Stage 3,FR,2.UWT,212.5,0,0.0,2706,77,Sprint of large group
2017-07-02,180.0,race/tour-de-france/2017/stage-2,Tour de France | Stage 2,FR,2.UWT,203.5,0,0.0,1278,25,Sprint of large group
2017-07-01,44.0,race/tour-de-france/2017/stage-1,Tour de France | Stage 1 (ITT),FR,2.UWT,14.0,0,0.0,61,1,Time Trial
2017-06-11,59.0,race/dauphine/2017/stage-8,Critérium du Dauphiné | Stage 8,FR,2.UWT,115.0,0,0.0,4113,411,5.7 km solo
2017-06-10,86.0,race/dauphine/2017/stage-7,Critérium du Dauphiné | Stage 7,FR,2.UWT,167.5,0,0.0,4717,358,3.5 km solo
2017-06-09,90.0,race/dauphine/2017/stage-6,Critérium du Dauphiné | Stage 6,FR,2.UWT,145.5,0,0.0,2592,220,Sprint of small group
2017-06-08,143.0,race/dauphine/2017/stage-5,Critérium du Dauphiné | Stage 5,FR,2.UWT,175.0,0,0.0,2319,51,Sprint of large group
2017-06-07,56.0,race/dauphine/2017/stage-4,Critérium du Dauphiné | Stage 4 (ITT),FR,2.UWT,23.5,0,0.0,321,31,Time Trial
2017-06-06,131.0,race/dauphine/2017/stage-3,Critérium du Dauphiné | Stage 3,FR,2.UWT,184.0,0,0.0,1990,45,Sprint of 123 riders
2017-06-05,31.0,race/dauphine/2017/stage-2,Critérium du Dauphiné | Stage 2,FR,2.UWT,171.0,0,0.0,2544,79,Sprint of large group
2017-06-04,87.0,race/dauphine/2017/stage-1,Critérium du Dauphiné | Stage 1,FR,2.UWT,170.0,0,0.0,3011,147,8.5 km solo
2017-05-01,,race/eschborn-frankfurt/2017/result,Eschborn-Frankfurt 'Rund um den Finanzplatz',DE,1.UWT,215.7,0,0.0,3144,108,Sprint of 16 riders
2017-04-16,50.0,race/amstel-gold-race/2017/result,Amstel Gold Race,NL,1.UWT,261.0,5,10.0,3328,92,Sprint à deux
2017-04-09,20.0,race/paris-roubaix/2017/result,Paris-Roubaix,FR,1.UWT,257.0,20,30.0,1299,5,Sprint of 16 riders
2017-04-02,4.0,race/ronde-van-vlaanderen/2017/result,Ronde van Vlaanderen / Tour des Flandres ME,BE,1.UWT,260.0,120,275.0,2118,71,56 km solo
2017-03-26,97.0,race/gent-wevelgem/2017/result,Gent-Wevelgem in Flanders Fields ME,BE,1.UWT,249.0,5,0.0,1546,43,Sprint à deux
2017-03-24,9.0,race/e3-harelbeke/2017/result,Record Bank E3 Harelbeke,BE,1.UWT,206.1,46,80.0,1863,51,Sprint of 16 riders
2017-03-22,8.0,race/dwars-door-vlaanderen/2017/result,Dwars door Vlaanderen / A travers la Flandre ME,BE,1.UWT,203.4,50,75.0,1432,43,7.4 km solo
2017-03-14,29.0,race/tirreno-adriatico/2017/stage-7,Tirreno-Adriatico | Stage 7 (ITT),IT,2.UWT,10.05,0,0.0,13,0,Time Trial
2017-03-13,140.0,race/tirreno-adriatico/2017/stage-6,Tirreno-Adriatico | Stage 6,IT,2.UWT,168.0,0,0.0,2063,71,Sprint of 62 riders
2017-03-12,103.0,race/tirreno-adriatico/2017/stage-5,Tirreno-Adriatico | Stage 5,IT,2.UWT,209.0,0,0.0,3410,188,Sprint of small group
2017-03-11,95.0,race/tirreno-adriatico/2017/stage-4,Tirreno-Adriatico | Stage 4,IT,2.UWT,171.0,0,0.0,3453,269,2 km solo
2017-03-10,87.0,race/tirreno-adriatico/2017/stage-3,Tirreno-Adriatico | Stage 3,IT,2.UWT,204.0,0,0.0,2291,55,Sprint of 121 riders
2017-03-09,143.0,race/tirreno-adriatico/2017/stage-2,Tirreno-Adriatico | Stage 2,IT,2.UWT,229.0,0,0.0,2370,107,4.2 km solo
2017-03-08,16.0,race/tirreno-adriatico/2017/stage-1,Tirreno-Adriatico | Stage 1 (TTT),IT,2.UWT,22.7,0,0.0,5,0,Time Trial
2017-03-04,,race/strade-bianche/2017/result,Strade Bianche,IT,1.UWT,175.0,0,0.0,2938,147,15.6 km solo
2017-02-25,81.0,race/omloop-het-nieuwsblad/2017/result,Omloop Het Nieuwsblad ME,BE,1.UWT,198.3,5,0.0,1778,33,Sprint of 11 riders
2018-09-08,,race/vuelta-a-espana/2018/stage-14,La Vuelta ciclista a España | Stage 14,ES,2.UWT,171.0,0,0.0,3314,286,0.6 km solo
2018-09-07,168.0,race/vuelta-a-espana/2018/stage-13,La Vuelta ciclista a España | Stage 13,ES,2.UWT,174.8,0,0.0,3334,194,1 km solo
2018-09-06,2.0,race/vuelta-a-espana/2018/stage-12,La Vuelta ciclista a España | Stage 12,ES,2.UWT,181.1,50,40.0,3021,126,Sprint of 71 riders
2018-09-05,97.0,race/vuelta-a-espana/2018/stage-11,La Vuelta ciclista a España | Stage 11,ES,2.UWT,207.8,0,0.0,3755,174,4.3 km solo
2018-09-04,149.0,race/vuelta-a-espana/2018/stage-10,La Vuelta ciclista a España | Stage 10,ES,2.UWT,177.0,0,0.0,1306,27,Sprint of large group
2018-09-02,114.0,race/vuelta-a-espana/2018/stage-9,La Vuelta ciclista a España | Stage 9,ES,2.UWT,200.8,0,0.0,4399,276,18 km solo
2018-09-01,149.0,race/vuelta-a-espana/2018/stage-8,La Vuelta ciclista a España | Stage 8,ES,2.UWT,195.1,0,0.0,2112,48,Sprint of large group
2018-08-31,166.0,race/vuelta-a-espana/2018/stage-7,La Vuelta ciclista a España | Stage 7,ES,2.UWT,185.7,0,0.0,2535,117,2.2 km solo
2018-08-30,165.0,race/vuelta-a-espana/2018/stage-6,La Vuelta ciclista a España | Stage 6,ES,2.UWT,155.7,0,0.0,1399,41,Sprint of large group
2018-08-29,163.0,race/vuelta-a-espana/2018/stage-5,La Vuelta ciclista a España | Stage 5,ES,2.UWT,188.7,0,0.0,3178,116,Sprint of 94 riders
2018-08-28,151.0,race/vuelta-a-espana/2018/stage-4,La Vuelta ciclista a España | Stage 4,ES,2.UWT,161.4,0,0.0,3300,193,Sprint à deux
2018-08-27,150.0,race/vuelta-a-espana/2018/stage-3,La Vuelta ciclista a España | Stage 3,ES,2.UWT,178.2,0,0.0,3160,114,Sprint of large group
2018-08-26,125.0,race/vuelta-a-espana/2018/stage-2,La Vuelta ciclista a España | Stage 2,ES,2.UWT,163.5,0,0.0,2826,115,Sprint à deux
2018-08-25,5.0,race/vuelta-a-espana/2018/stage-1,La Vuelta ciclista a España | Stage 1 (ITT),ES,2.UWT,8.0,18,4.0,66,6,Time Trial
2018-08-19,9.0,race/renewi-tour/2018/stage-7,BinckBank Tour | Stage 7,BE,2.UWT,215.6,2,0.0,1702,61,Sprint of small group
2018-08-18,4.0,race/renewi-tour/2018/stage-6,BinckBank Tour | Stage 6,BE,2.UWT,182.2,13,0.0,1473,28,1.2 km solo
2018-08-17,70.0,race/renewi-tour/2018/stage-5,BinckBank Tour | Stage 5,BE,2.UWT,204.4,0,0.0,1015,5,Sprint of 126 riders
2018-08-16,42.0,race/renewi-tour/2018/stage-4,BinckBank Tour | Stage 4,BE,2.UWT,165.5,0,0.0,233,0,1.1 km solo
2018-08-15,57.0,race/renewi-tour/2018/stage-3,BinckBank Tour | Stage 3,BE,2.UWT,174.9,0,0.0,227,0,0.9 km solo
2018-08-14,17.0,race/renewi-tour/2018/stage-2,BinckBank Tour | Stage 2 (ITT),BE,2.UWT,12.7,0,0.0,39,0,Time Trial
2018-08-13,64.0,race/renewi-tour/2018/stage-1,BinckBank Tour | Stage 1,BE,2.UWT,177.3,0,0.0,161,0,Sprint of large group
2018-06-10,74.0,race/dauphine/2018/stage-7,Critérium du Dauphiné | Stage 7,FR,2.UWT,136.0,0,0.0,4222,339,Sprint à deux
2018-06-09,81.0,race/dauphine/2018/stage-6,Critérium du Dauphiné | Stage 6,FR,2.UWT,110.0,0,0.0,4187,351,8.1 km solo
2018-06-08,57.0,race/dauphine/2018/stage-5,Critérium du Dauphiné | Stage 5,FR,2.UWT,130.0,0,0.0,2635,200,3.1 km solo
2018-06-07,111.0,race/dauphine/2018/stage-4,Critérium du Dauphiné | Stage 4,FR,2.UWT,181.0,0,0.0,3227,253,Sprint of 11 riders
2018-06-06,1.0,race/dauphine/2018/stage-3,Critérium du Dauphiné | Stage 3 (TTT),FR,2.UWT,35.0,20,8.6,207,4,Time Trial
2018-06-05,86.0,race/dauphine/2018/stage-2,Critérium du Dauphiné | Stage 2,FR,2.UWT,181.0,0,0.0,2336,77,Sprint of large group
2018-06-04,101.0,race/dauphine/2018/stage-1,Critérium du Dauphiné | Stage 1,FR,2.UWT,179.0,0,0.0,2841,94,Sprint of large group
2018-06-03,15.0,race/dauphine/2018/prologue,Critérium du Dauphiné | Prologue,FR,2.UWT,6.6,0,0.0,30,0,Time Trial
2018-04-08,19.0,race/paris-roubaix/2018/result,Paris-Roubaix,FR,1.UWT,257.0,22,30.0,1309,4,Sprint à deux
2018-04-01,12.0,race/ronde-van-vlaanderen/2018/result,Ronde van Vlaanderen - Tour des Flandres ME,BE,1.UWT,264.7,42,60.0,2166,78,19 km solo
2018-03-25,99.0,race/gent-wevelgem/2018/result,Gent-Wevelgem in Flanders Fields ME,BE,1.UWT,251.1,5,0.0,1532,46,Sprint of 19 riders
2018-03-23,51.0,race/e3-harelbeke/2018/result,Record Bank E3 Harelbeke,BE,1.UWT,206.5,5,4.0,1859,46,30 km solo
2018-03-17,99.0,race/milano-sanremo/2018/result,Milano-Sanremo,IT,1.UWT,294.0,5,0.0,2143,61,7.1 km solo
2018-03-11,50.0,race/paris-nice/2018/stage-8,Paris - Nice | Stage 8,FR,2.UWT,110.0,0,0.0,2165,145,Sprint à deux
2018-03-10,65.0,race/paris-nice/2018/stage-7,Paris - Nice | Stage 7,FR,2.UWT,175.0,0,0.0,4044,274,1.5 km solo
2018-03-09,100.0,race/paris-nice/2018/stage-6,Paris - Nice | Stage 6,FR,2.UWT,198.0,0,0.0,3189,153,1.3 km solo
2018-03-08,113.0,race/paris-nice/2018/stage-5,Paris - Nice | Stage 5,FR,2.UWT,163.5,0,0.0,2611,94,Sprint à deux
2018-03-07,16.0,race/paris-nice/2018/stage-4,Paris - Nice | Stage 4 (ITT),FR,2.UWT,18.4,0,0.0,383,30,Time Trial
2018-03-06,137.0,race/paris-nice/2018/stage-3,Paris - Nice | Stage 3,FR,2.UWT,210.0,0,0.0,2380,79,Sprint of 70 riders
2018-03-05,127.0,race/paris-nice/2018/stage-2,Paris - Nice | Stage 2,FR,2.UWT,187.0,0,0.0,640,4,Sprint of large group
2018-03-04,140.0,race/paris-nice/2018/stage-1,Paris - Nice | Stage 1,FR,2.UWT,135.0,0,0.0,1224,46,Sprint of large group
2018-02-24,51.0,race/omloop-het-nieuwsblad/2018/result,Omloop Het Nieuwsblad ME,BE,1.UWT,196.2,5,2.0,1652,58,2.2 km solo
2019-09-29,,race/world-championship/2019/result,World Championships ME - Road Race,GB,WC,260.7,0,0.0,3220,82,Sprint of small group
2019-09-25,15.0,race/world-championship-itt/2019/result,World Championships ME - ITT,GB,WC,54.0,10,15.0,608,27,Time Trial
2019-08-18,10.0,race/renewi-tour/2019/stage-7,BinckBank Tour | Stage 7,BE,2.UWT,173.1,1,0.0,1760,59,Sprint of small group
2019-08-17,22.0,race/renewi-tour/2019/stage-6,BinckBank Tour | Stage 6 (ITT),BE,2.UWT,8.4,0,0.0,16,0,Time Trial
2019-08-16,84.0,race/renewi-tour/2019/stage-5,BinckBank Tour | Stage 5,BE,2.UWT,191.4,0,0.0,193,1,Sprint of large group
2019-08-15,25.0,race/renewi-tour/2019/stage-4,BinckBank Tour | Stage 4,BE,2.UWT,96.2,0,0.0,1547,81,Sprint of 15 riders
2019-08-14,47.0,race/renewi-tour/2019/stage-3,BinckBank Tour | Stage 3,BE,2.UWT,166.9,0,0.0,285,0,Sprint of large group
2019-08-13,143.0,race/renewi-tour/2019/stage-2,BinckBank Tour | Stage 2,BE,2.UWT,169.1,0,0.0,258,0,Sprint of large group
2019-08-12,103.0,race/renewi-tour/2019/stage-1,BinckBank Tour | Stage 1,BE,2.UWT,167.2,0,0.0,139,0,Sprint of large group
2019-07-28,88.0,race/tour-de-france/2019/stage-21,Tour de France | Stage 21,FR,2.UWT,128.0,0,0.0,781,10,Sprint of large group
2019-07-27,77.0,race/tour-de-france/2019/stage-20,Tour de France | Stage 20,FR,2.UWT,59.5,0,0.0,2228,267,12 km solo
2019-07-26,,race/tour-de-france/2019/stage-19,Tour de France | Stage 19,FR,2.UWT,89.0,0,0.0,2995,317,? - let us know!
2019-07-25,35.0,race/tour-de-france/2019/stage-18,Tour de France | Stage 18,FR,2.UWT,208.0,0,0.0,5215,232,26 km solo
2019-07-24,41.0,race/tour-de-france/2019/stage-17,Tour de France | Stage 17,FR,2.UWT,200.0,0,0.0,2472,85,14 km solo
2019-07-23,80.0,race/tour-de-france/2019/stage-16,Tour de France | Stage 16,FR,2.UWT,177.0,0,0.0,1626,29,Sprint of large group
2019-07-21,39.0,race/tour-de-france/2019/stage-15,Tour de France | Stage 15,FR,2.UWT,185.0,0,0.0,4345,365,9 km solo
2019-07-20,29.0,race/tour-de-france/2019/stage-14,Tour de France | Stage 14,FR,2.UWT,111.0,0,0.0,3376,359,0.2 km solo
2019-07-19,64.0,race/tour-de-france/2019/stage-13,Tour de France | Stage 13 (ITT),FR,2.UWT,27.2,0,0.0,391,33,Time Trial
2019-07-18,22.0,race/tour-de-france/2019/stage-12,Tour de France | Stage 12,FR,2.UWT,209.5,0,0.0,3088,177,Sprint of 14 riders
2019-07-17,82.0,race/tour-de-france/2019/stage-11,Tour de France | Stage 11,FR,2.UWT,167.0,0,0.0,1827,43,Sprint of large group
2019-07-15,40.0,race/tour-de-france/2019/stage-10,Tour de France | Stage 10,FR,2.UWT,217.5,0,0.0,3031,85,Sprint of large group
2019-07-14,129.0,race/tour-de-france/2019/stage-9,Tour de France | Stage 9,FR,2.UWT,170.5,0,0.0,2717,114,Sprint à deux
2019-07-13,65.0,race/tour-de-france/2019/stage-8,Tour de France | Stage 8,FR,2.UWT,200.0,0,0.0,3844,189,14.1 km solo
2019-07-12,120.0,race/tour-de-france/2019/stage-7,Tour de France | Stage 7,FR,2.UWT,230.0,0,0.0,2367,36,Sprint of large group
2019-07-11,48.0,race/tour-de-france/2019/stage-6,Tour de France | Stage 6,FR,2.UWT,160.5,0,0.0,3944,329,0.1 km solo
2019-07-10,123.0,race/tour-de-france/2019/stage-5,Tour de France | Stage 5,FR,2.UWT,175.5,0,0.0,2325,132,Sprint of large group
2019-07-09,136.0,race/tour-de-france/2019/stage-4,Tour de France | Stage 4,FR,2.UWT,213.5,0,0.0,1555,32,Sprint of large group
2019-07-08,152.0,race/tour-de-france/2019/stage-3,Tour de France | Stage 3,FR,2.UWT,215.0,0,0.0,2299,97,16 km solo
2019-07-07,2.0,race/tour-de-france/2019/stage-2,Tour de France | Stage 2 (TTT),FR,2.UWT,27.6,40,6.2,267,7,Time Trial
2019-07-06,154.0,race/tour-de-france/2019/stage-1,Tour de France | Stage 1,FR,2.UWT,194.5,0,0.0,1582,20,Sprint of large group
2019-06-16,1.0,race/dauphine/2019/stage-8,Critérium du Dauphiné | Stage 8,FR,2.UWT,113.5,50,60.0,2993,209,Sprint à deux
2019-06-15,24.0,race/dauphine/2019/stage-7,Critérium du Dauphiné | Stage 7,FR,2.UWT,133.5,0,0.0,4343,413,Sprint of small group
2019-06-14,45.0,race/dauphine/2019/stage-6,Critérium du Dauphiné | Stage 6,FR,2.UWT,229.0,0,0.0,3715,162,Sprint à deux
2019-06-13,134.0,race/dauphine/2019/stage-5,Critérium du Dauphiné | Stage 5,FR,2.UWT,201.0,0,0.0,2098,36,Sprint of large group
2019-06-12,29.0,race/dauphine/2019/stage-4,Critérium du Dauphiné | Stage 4 (ITT),FR,2.UWT,26.1,0,0.0,341,28,Time Trial
2019-06-11,122.0,race/dauphine/2019/stage-3,Critérium du Dauphiné | Stage 3,FR,2.UWT,177.0,0,0.0,1424,29,Sprint of large group
2019-06-10,84.0,race/dauphine/2019/stage-2,Critérium du Dauphiné | Stage 2,FR,2.UWT,180.0,0,0.0,3127,163,Sprint à deux
2019-06-09,57.0,race/dauphine/2019/stage-1,Critérium du Dauphiné | Stage 1,FR,2.UWT,142.0,0,0.0,2500,126,Sprint of large group
2019-05-05,19.0,race/tour-de-romandie/2019/stage-5,Tour de Romandie | Stage 5 (ITT),CH,2.UWT,16.85,0,0.0,162,13,Time Trial
2019-05-04,27.0,race/tour-de-romandie/2019/stage-4,Tour de Romandie | Stage 4,CH,2.UWT,107.6,0,0.0,1839,153,Sprint of 11 riders
2019-05-03,55.0,race/tour-de-romandie/2019/stage-3,Tour de Romandie | Stage 3,CH,2.UWT,160.0,0,0.0,2527,122,Sprint of large group
2019-05-02,103.0,race/tour-de-romandie/2019/stage-2,Tour de Romandie | Stage 2,CH,2.UWT,174.4,0,0.0,1936,47,18.6 km solo
2019-05-01,32.0,race/tour-de-romandie/2019/stage-1,Tour de Romandie | Stage 1,CH,2.UWT,168.4,0,0.0,3094,154,Sprint of large group
2019-04-30,41.0,race/tour-de-romandie/2019/prologue,Tour de Romandie | Prologue,CH,2.UWT,3.87,0,0.0,38,3,Time Trial
2019-04-24,81.0,race/la-fleche-wallone/2019/result,La Flèche Wallonne,BE,1.UWT,195.0,5,0.0,2930,179,Sprint à deux
2019-04-21,31.0,race/amstel-gold-race/2019/result,Amstel Gold Race,NL,1.UWT,265.7,5,10.0,3536,108,Sprint of 18 riders
2019-04-14,21.0,race/paris-roubaix/2019/result,Paris-Roubaix,FR,1.UWT,257.0,19,20.0,1334,5,Sprint à deux
2019-04-07,18.0,race/ronde-van-vlaanderen/2019/result,Ronde van Vlaanderen - Tour des Flandres ME,BE,1.UWT,267.0,24,30.0,2164,72,17 km solo
2019-04-03,53.0,race/dwars-door-vlaanderen/2019/result,Dwars door Vlaanderen - A travers la Flandre ME,BE,1.UWT,182.6,5,2.0,1213,47,Sprint of 21 riders
2019-03-02,14.0,race/omloop-het-nieuwsblad/2019/result,Omloop Het Nieuwsblad ME,BE,1.UWT,200.0,26,25.0,1653,47,2.5 km solo
2019-01-27,42.0,race/great-ocean-race/2019/result,Cadel Evans Great Ocean Road Race,AU,1.UWT,164.0,5,5.0,2018,114,Sprint of large group
2019-01-20,18.0,race/tour-down-under/2019/stage-6,Santos Tour Down Under | Stage 6,AU,2.UWT,151.5,0,0.0,1879,114,0.6 km solo
2019-01-19,46.0,race/tour-down-under/2019/stage-5,Santos Tour Down Under | Stage 5,AU,2.UWT,149.5,0,0.0,1779,33,Sprint of large group
2019-01-18,10.0,race/tour-down-under/2019/stage-4,Santos Tour Down Under | Stage 4,AU,2.UWT,129.2,1,0.0,2592,168,Sprint of large group
2019-01-17,28.0,race/tour-down-under/2019/stage-3,Santos Tour Down Under | Stage 3,AU,2.UWT,146.2,0,0.0,3573,235,Sprint of large group
2019-01-16,36.0,race/tour-down-under/2019/stage-2,Santos Tour Down Under | Stage 2,AU,2.UWT,122.1,0,0.0,1914,60,Sprint of 127 riders
2019-01-15,48.0,race/tour-down-under/2019/stage-1,Santos Tour Down Under | Stage 1,AU,2.UWT,129.1,0,0.0,1886,69,Sprint of large group
2020-11-08,80.0,race/vuelta-a-espana/2020/stage-18,La Vuelta ciclista a España | Stage 18,ES,2.UWT,139.6,0,0.0,1492,30,Sprint of large group
2020-11-07,65.0,race/vuelta-a-espana/2020/stage-17,La Vuelta ciclista a España | Stage 17,ES,2.UWT,178.2,0,0.0,4365,316,4 km solo
2020-11-06,94.0,race/vuelta-a-espana/2020/stage-16,La Vuelta ciclista a España | Stage 16,ES,2.UWT,162.0,0,0.0,2762,122,Sprint of large group
2020-11-05,95.0,race/vuelta-a-espana/2020/stage-15,La Vuelta ciclista a España | Stage 15,ES,2.UWT,230.8,0,0.0,4448,158,Sprint of large group
2020-11-04,4.0,race/vuelta-a-espana/2020/stage-14,La Vuelta ciclista a España | Stage 14,ES,2.UWT,204.7,25,12.0,3057,100,0.3 km solo
2020-11-03,23.0,race/vuelta-a-espana/2020/stage-13,La Vuelta ciclista a España | Stage 13 (ITT),ES,2.UWT,33.7,0,0.0,536,65,Time Trial
2020-11-01,57.0,race/vuelta-a-espana/2020/stage-12,La Vuelta ciclista a España | Stage 12,ES,2.UWT,109.4,0,0.0,3125,452,1 km solo
2020-10-31,34.0,race/vuelta-a-espana/2020/stage-11,La Vuelta ciclista a España | Stage 11,ES,2.UWT,170.0,0,0.0,5098,435,0.5 km solo
2020-10-30,120.0,race/vuelta-a-espana/2020/stage-10,La Vuelta ciclista a España | Stage 10,ES,2.UWT,185.0,0,0.0,2302,84,Sprint of small group
2020-10-29,108.0,race/vuelta-a-espana/2020/stage-9,La Vuelta ciclista a España | Stage 9,ES,2.UWT,157.7,0,0.0,1163,18,Sprint of large group
2020-10-28,41.0,race/vuelta-a-espana/2020/stage-8,La Vuelta ciclista a España | Stage 8,ES,2.UWT,164.0,0,0.0,3021,249,0.8 km solo
2020-10-27,62.0,race/vuelta-a-espana/2020/stage-7,La Vuelta ciclista a España | Stage 7,ES,2.UWT,159.7,0,0.0,2657,142,1 km solo
2020-10-25,14.0,race/vuelta-a-espana/2020/stage-6,La Vuelta ciclista a España | Stage 6,ES,2.UWT,146.4,2,0.0,3020,185,3 km solo
2020-10-24,70.0,race/vuelta-a-espana/2020/stage-5,La Vuelta ciclista a España | Stage 5,ES,2.UWT,184.4,0,0.0,3407,185,Sprint à deux
2020-10-23,97.0,race/vuelta-a-espana/2020/stage-4,La Vuelta ciclista a España | Stage 4,ES,2.UWT,191.7,0,0.0,1160,15,Sprint of large group
2020-10-22,78.0,race/vuelta-a-espana/2020/stage-3,La Vuelta ciclista a España | Stage 3,ES,2.UWT,166.1,0,0.0,2779,117,Sprint of small group
2020-10-21,80.0,race/vuelta-a-espana/2020/stage-2,La Vuelta ciclista a España | Stage 2,ES,2.UWT,151.6,0,0.0,2435,171,14 km solo
2020-10-20,73.0,race/vuelta-a-espana/2020/stage-1,La Vuelta ciclista a España | Stage 1,ES,2.UWT,173.0,0,0.0,2975,209,1 km solo
2020-10-18,8.0,race/ronde-van-vlaanderen/2020/result,Ronde van Vlaanderen - Tour des Flandres ME,BE,1.UWT,243.3,70,125.0,2014,79,Sprint à deux
2020-09-27,35.0,race/world-championship/2020/result,World Championships ME - Road Race,IT,WC,258.2,15,10.0,4662,208,12 km solo
2020-09-20,69.0,race/tour-de-france/2020/stage-21,Tour de France | Stage 21,FR,2.UWT,122.0,0,0.0,816,11,Sprint of large group
2020-09-19,69.0,race/tour-de-france/2020/stage-20,Tour de France | Stage 20 (ITT),FR,2.UWT,36.2,0,0.0,962,135,Time Trial
2020-09-18,133.0,race/tour-de-france/2020/stage-19,Tour de France | Stage 19,FR,2.UWT,166.5,0,0.0,2208,77,16 km solo
2020-09-17,65.0,race/tour-de-france/2020/stage-18,Tour de France | Stage 18,FR,2.UWT,175.0,0,0.0,5166,314,Other
2020-09-16,58.0,race/tour-de-france/2020/stage-17,Tour de France | Stage 17,FR,2.UWT,170.0,0,0.0,4430,444,3.5 km solo
2020-09-15,73.0,race/tour-de-france/2020/stage-16,Tour de France | Stage 16,FR,2.UWT,164.0,0,0.0,3903,250,25 km solo
2020-09-13,45.0,race/tour-de-france/2020/stage-15,Tour de France | Stage 15,FR,2.UWT,174.5,0,0.0,3724,390,Sprint à deux
2020-09-12,74.0,race/tour-de-france/2020/stage-14,Tour de France | Stage 14,FR,2.UWT,194.0,0,0.0,2646,73,3 km solo
2020-09-11,52.0,race/tour-de-france/2020/stage-13,Tour de France | Stage 13,FR,2.UWT,191.5,0,0.0,4459,302,0.1 km solo
2020-09-10,114.0,race/tour-de-france/2020/stage-12,Tour de France | Stage 12,FR,2.UWT,218.0,0,0.0,3389,142,28 km solo
2020-09-09,102.0,race/tour-de-france/2020/stage-11,Tour de France | Stage 11,FR,2.UWT,166.5,0,0.0,1008,13,Sprint of large group
2020-09-08,145.0,race/tour-de-france/2020/stage-10,Tour de France | Stage 10,FR,2.UWT,168.5,0,0.0,531,2,Sprint of large group
2020-09-06,43.0,race/tour-de-france/2020/stage-9,Tour de France | Stage 9,FR,2.UWT,153.0,0,0.0,3500,239,Sprint of small group
2020-09-05,46.0,race/tour-de-france/2020/stage-8,Tour de France | Stage 8,FR,2.UWT,141.0,0,0.0,3821,295,35 km solo
2020-09-04,77.0,race/tour-de-france/2020/stage-7,Tour de France | Stage 7,FR,2.UWT,168.0,0,0.0,2011,47,Sprint of large group
2020-09-03,73.0,race/tour-de-france/2020/stage-6,Tour de France | Stage 6,FR,2.UWT,191.0,0,0.0,3087,227,17 km solo
2020-09-02,115.0,race/tour-de-france/2020/stage-5,Tour de France | Stage 5,FR,2.UWT,183.0,0,0.0,1388,31,Sprint of large group
2020-09-01,67.0,race/tour-de-france/2020/stage-4,Tour de France | Stage 4,FR,2.UWT,160.5,0,0.0,3200,200,Sprint of small group
2020-08-31,82.0,race/tour-de-france/2020/stage-3,Tour de France | Stage 3,FR,2.UWT,198.0,0,0.0,3003,81,Sprint of large group
2020-08-30,105.0,race/tour-de-france/2020/stage-2,Tour de France | Stage 2,FR,2.UWT,185.0,0,0.0,4066,188,Sprint of small group
2020-08-29,100.0,race/tour-de-france/2020/stage-1,Tour de France | Stage 1,FR,2.UWT,156.0,0,0.0,1597,46,Sprint of large group
2020-08-16,39.0,race/dauphine/2020/stage-5,Critérium du Dauphiné | Stage 5,FR,2.UWT,142.5,0,0.0,4391,310,8.8 km solo
2020-08-15,36.0,race/dauphine/2020/stage-4,Critérium du Dauphiné | Stage 4,FR,2.UWT,148.5,0,0.0,4669,322,4.5 km solo
2020-08-14,44.0,race/dauphine/2020/stage-3,Critérium du Dauphiné | Stage 3,FR,2.UWT,157.0,0,0.0,3472,308,65 km solo
2020-08-13,66.0,race/dauphine/2020/stage-2,Critérium du Dauphiné | Stage 2,FR,2.UWT,135.0,0,0.0,2878,309,0.65 km solo
2020-08-12,130.0,race/dauphine/2020/stage-1,Critérium du Dauphiné | Stage 1,FR,2.UWT,218.5,0,0.0,3575,128,Sprint of large group
2020-08-08,140.0,race/milano-sanremo/2020/result,Milano-Sanremo,IT,1.UWT,305.0,5,0.0,2803,68,Sprint à deux
2020-02-02,5.0,race/great-ocean-race/2020/result,Cadel Evans Great Ocean Road Race,AU,1.UWT,171.1,80,120.0,1531,79,Sprint à deux
2020-01-26,9.0,race/tour-down-under/2020/stage-6,Santos Tour Down Under | Stage 6,AU,2.UWT,151.5,2,0.0,1879,108,0.1 km solo
2020-01-25,13.0,race/tour-down-under/2020/stage-5,Santos Tour Down Under | Stage 5,AU,2.UWT,149.1,0,0.0,2050,71,Sprint of large group
2020-01-24,19.0,race/tour-down-under/2020/stage-4,Santos Tour Down Under | Stage 4,AU,2.UWT,152.8,0,0.0,2001,45,Sprint of large group
2020-01-23,7.0,race/tour-down-under/2020/stage-3,Santos Tour Down Under | Stage 3,AU,2.UWT,131.0,4,0.0,2881,164,0.6 km solo
2020-01-22,79.0,race/tour-down-under/2020/stage-2,Santos Tour Down Under | Stage 2,AU,2.UWT,135.8,0,0.0,2486,145,Sprint of 91 riders
2020-01-21,65.0,race/tour-down-under/2020/stage-1,Santos Tour Down Under | Stage 1,AU,2.UWT,150.0,0,0.0,1245,26,Sprint of large group
2021-10-03,,race/paris-roubaix/2021/result,Paris-Roubaix,FR,1.UWT,257.7,0,0.0,1360,5,Sprint of small group
2021-09-26,2.0,race/world-championship/2021/result,World Championships ME - Road Race,BE,WC,268.3,260,475.0,2250,54,17.4 km solo
2021-09-02,,race/vuelta-a-espana/2021/stage-18,La Vuelta ciclista a España | Stage 18,ES,2.UWT,162.6,0,0.0,4951,509,2.7 km solo
2021-09-01,68.0,race/vuelta-a-espana/2021/stage-17,La Vuelta ciclista a España | Stage 17,ES,2.UWT,185.8,0,0.0,4519,366,7.5 km solo
2021-08-31,117.0,race/vuelta-a-espana/2021/stage-16,La Vuelta ciclista a España | Stage 16,ES,2.UWT,180.0,0,0.0,2279,81,Sprint of large group
2021-08-29,47.0,race/vuelta-a-espana/2021/stage-15,La Vuelta ciclista a España | Stage 15,ES,2.UWT,197.5,0,0.0,3860,167,87.3 km solo
2021-08-28,64.0,race/vuelta-a-espana/2021/stage-14,La Vuelta ciclista a España | Stage 14,ES,2.UWT,165.7,0,0.0,3448,288,6 km solo
2021-08-27,139.0,race/vuelta-a-espana/2021/stage-13,La Vuelta ciclista a España | Stage 13,ES,2.UWT,203.7,0,0.0,1645,22,Sprint of small group
2021-08-26,167.0,race/vuelta-a-espana/2021/stage-12,La Vuelta ciclista a España | Stage 12,ES,2.UWT,175.0,0,0.0,2018,107,Sprint of large group
2021-08-25,40.0,race/vuelta-a-espana/2021/stage-11,La Vuelta ciclista a España | Stage 11,ES,2.UWT,133.6,0,0.0,2647,155,Sprint à deux
2021-08-24,4.0,race/vuelta-a-espana/2021/stage-10,La Vuelta ciclista a España | Stage 10,ES,2.UWT,189.0,25,12.0,2390,134,19 km solo
2021-08-22,42.0,race/vuelta-a-espana/2021/stage-9,La Vuelta ciclista a España | Stage 9,ES,2.UWT,188.0,0,0.0,4725,348,71.1 km solo
2021-08-21,160.0,race/vuelta-a-espana/2021/stage-8,La Vuelta ciclista a España | Stage 8,ES,2.UWT,173.7,0,0.0,923,23,Sprint of large group
2021-08-20,51.0,race/vuelta-a-espana/2021/stage-7,La Vuelta ciclista a España | Stage 7,ES,2.UWT,152.0,0,0.0,3744,272,3.2 km solo
2021-08-19,65.0,race/vuelta-a-espana/2021/stage-6,La Vuelta ciclista a España | Stage 6,ES,2.UWT,158.3,0,0.0,902,50,0.77 km solo
2021-08-18,37.0,race/vuelta-a-espana/2021/stage-5,La Vuelta ciclista a España | Stage 5,ES,2.UWT,184.4,0,0.0,640,2,Sprint of large group
2021-08-17,110.0,race/vuelta-a-espana/2021/stage-4,La Vuelta ciclista a España | Stage 4,ES,2.UWT,163.9,0,0.0,1534,23,Sprint of large group
2021-08-16,125.0,race/vuelta-a-espana/2021/stage-3,La Vuelta ciclista a España | Stage 3,ES,2.UWT,202.8,0,0.0,2787,232,2.8 km solo
2021-08-15,27.0,race/vuelta-a-espana/2021/stage-2,La Vuelta ciclista a España | Stage 2,ES,2.UWT,166.7,0,0.0,1049,10,Sprint of large group
2021-08-14,6.0,race/vuelta-a-espana/2021/stage-1,La Vuelta ciclista a España | Stage 1 (ITT),ES,2.UWT,7.1,15,0.0,87,9,Time Trial
2021-07-24,15.0,race/olympic-games/2021/result,Olympic Games Road Race,JP,Olympics,234.0,46,40.0,4582,229,5.7 km solo
2021-07-18,34.0,race/tour-de-france/2021/stage-21,Tour de France | Stage 21,FR,2.UWT,108.4,0,0.0,699,14,Sprint of large group
2021-07-17,10.0,race/tour-de-france/2021/stage-20,Tour de France | Stage 20 (ITT),FR,2.UWT,30.8,10,0.0,246,8,Time Trial
2021-07-16,56.0,race/tour-de-france/2021/stage-19,Tour de France | Stage 19,FR,2.UWT,207.0,0,0.0,1181,16,26 km solo
2021-07-15,56.0,race/tour-de-france/2021/stage-18,Tour de France | Stage 18,FR,2.UWT,129.7,0,0.0,3561,367,0.6 km solo
2021-07-14,42.0,race/tour-de-france/2021/stage-17,Tour de France | Stage 17,FR,2.UWT,178.4,0,0.0,4375,450,Sprint of small group
2021-07-13,58.0,race/tour-de-france/2021/stage-16,Tour de France | Stage 16,FR,2.UWT,169.0,0,0.0,3260,177,34.6 km solo
2021-07-11,50.0,race/tour-de-france/2021/stage-15,Tour de France | Stage 15,FR,2.UWT,191.3,0,0.0,4572,234,19.5 km solo
2021-07-10,19.0,race/tour-de-france/2021/stage-14,Tour de France | Stage 14,FR,2.UWT,183.7,0,0.0,2877,125,42.7 km solo
2021-07-09,115.0,race/tour-de-france/2021/stage-13,Tour de France | Stage 13,FR,2.UWT,219.9,0,0.0,2023,29,Sprint of large group
2021-07-08,36.0,race/tour-de-france/2021/stage-12,Tour de France | Stage 12,FR,2.UWT,159.4,0,0.0,2052,52,11.8 km solo
2021-07-07,87.0,race/tour-de-france/2021/stage-11,Tour de France | Stage 11,FR,2.UWT,198.9,0,0.0,4671,282,33.1 km solo
2021-07-06,84.0,race/tour-de-france/2021/stage-10,Tour de France | Stage 10,FR,2.UWT,190.7,0,0.0,1488,29,Sprint of large group
2021-07-04,58.0,race/tour-de-france/2021/stage-9,Tour de France | Stage 9,FR,2.UWT,144.9,0,0.0,4628,381,17.3 km solo
2021-07-03,76.0,race/tour-de-france/2021/stage-8,Tour de France | Stage 8,FR,2.UWT,150.8,0,0.0,3557,310,15.4 km solo
2021-07-02,54.0,race/tour-de-france/2021/stage-7,Tour de France | Stage 7,FR,2.UWT,249.1,0,0.0,3120,146,18 km solo
2021-07-01,139.0,race/tour-de-france/2021/stage-6,Tour de France | Stage 6,FR,2.UWT,160.4,0,0.0,977,5,Sprint of large group
2021-06-30,101.0,race/tour-de-france/2021/stage-5,Tour de France | Stage 5 (ITT),FR,2.UWT,27.2,0,0.0,356,17,Time Trial
2021-06-29,137.0,race/tour-de-france/2021/stage-4,Tour de France | Stage 4,FR,2.UWT,150.4,0,0.0,1404,24,Sprint of large group
2021-06-28,142.0,race/tour-de-france/2021/stage-3,Tour de France | Stage 3,FR,2.UWT,182.9,0,0.0,1534,34,Sprint of large group
2021-06-27,90.0,race/tour-de-france/2021/stage-2,Tour de France | Stage 2,FR,2.UWT,183.5,0,0.0,2210,102,0.75 km solo
2021-06-26,72.0,race/tour-de-france/2021/stage-1,Tour de France | Stage 1,FR,2.UWT,197.8,0,0.0,2843,109,2.2 km solo
2021-06-06,73.0,race/dauphine/2021/stage-8,Critérium du Dauphiné | Stage 8,FR,2.UWT,147.0,0,0.0,4190,304,27.5 km solo
2021-06-05,41.0,race/dauphine/2021/stage-7,Critérium du Dauphiné | Stage 7,FR,2.UWT,171.1,0,0.0,4163,368,4.7 km solo
2021-06-04,45.0,race/dauphine/2021/stage-6,Critérium du Dauphiné | Stage 6,FR,2.UWT,167.2,0,0.0,2706,203,Sprint of small group
2021-06-03,65.0,race/dauphine/2021/stage-5,Critérium du Dauphiné | Stage 5,FR,2.UWT,175.4,0,0.0,2209,93,0.95 km solo
2021-06-02,41.0,race/dauphine/2021/stage-4,Critérium du Dauphiné | Stage 4 (ITT),FR,2.UWT,16.4,0,0.0,317,29,Time Trial
2021-06-01,87.0,race/dauphine/2021/stage-3,Critérium du Dauphiné | Stage 3,FR,2.UWT,172.2,0,0.0,2096,41,Sprint of large group
2021-05-31,132.0,race/dauphine/2021/stage-2,Critérium du Dauphiné | Stage 2,FR,2.UWT,172.8,0,0.0,3224,152,17.3 km solo
2021-05-30,72.0,race/dauphine/2021/stage-1,Critérium du Dauphiné | Stage 1,FR,2.UWT,181.8,0,0.0,2308,82,16.6 km solo
2021-04-18,62.0,race/amstel-gold-race/2021/result,Amstel Gold Race,NL,1.UWT,218.6,5,0.0,2893,81,Sprint of small group
2021-04-04,10.0,race/ronde-van-vlaanderen/2021/result,Ronde van Vlaanderen - Tour des Flandres ME,BE,1.UWT,254.3,50,85.0,2198,81,Sprint à deux
2021-03-31,1.0,race/dwars-door-vlaanderen/2021/result,Dwars door Vlaanderen - A travers la Flandre ME,BE,1.UWT,184.1,225,300.0,1446,55,58 km solo
2021-03-28,8.0,race/gent-wevelgem/2021/result,Gent-Wevelgem in Flanders Fields ME,BE,1.UWT,250.0,50,125.0,1425,36,Sprint of small group
2021-03-26,7.0,race/e3-harelbeke/2021/result,E3 Saxo Bank Classic,BE,1.UWT,203.9,60,120.0,2000,59,5 km solo
2021-03-20,31.0,race/milano-sanremo/2021/result,Milano-Sanremo,IT,1.UWT,299.0,9,10.0,2020,59,Sprint à deux
2021-03-14,6.0,race/paris-nice/2021/stage-8,Paris - Nice | Stage 8,FR,2.UWT,92.7,7,0.0,2007,167,Sprint of small group
2021-03-13,13.0,race/paris-nice/2021/stage-7,Paris - Nice | Stage 7,FR,2.UWT,119.2,0,0.0,3127,251,Sprint of small group
2021-03-12,15.0,race/paris-nice/2021/stage-6,Paris - Nice | Stage 6,FR,2.UWT,202.4,0,0.0,3181,125,Sprint of large group
2021-03-11,82.0,race/paris-nice/2021/stage-5,Paris - Nice | Stage 5,FR,2.UWT,200.2,0,0.0,926,18,Sprint of large group
2021-03-10,29.0,race/paris-nice/2021/stage-4,Paris - Nice | Stage 4,FR,2.UWT,187.6,0,0.0,3540,239,3 km solo
2021-03-09,8.0,race/paris-nice/2021/stage-3,Paris - Nice | Stage 3 (ITT),FR,2.UWT,14.4,3,0.0,102,13,Time Trial
2021-03-08,118.0,race/paris-nice/2021/stage-2,Paris - Nice | Stage 2,FR,2.UWT,188.0,0,0.0,1057,8,Sprint of large group
2021-03-07,81.0,race/paris-nice/2021/stage-1,Paris - Nice | Stage 1,FR,2.UWT,165.8,0,0.0,1525,49,Sprint of large group
2022-09-25,27.0,race/world-championship/2022/result,World Championships ME - Road Race,AU,WC,266.9,18,20.0,4167,160,25.8 km solo
2022-09-11,43.0,race/vuelta-a-espana/2022/stage-21,La Vuelta ciclista a España | Stage 21,ES,2.UWT,96.7,0,0.0,773,10,Sprint of large group
2022-09-10,54.0,race/vuelta-a-espana/2022/stage-20,La Vuelta ciclista a España | Stage 20,ES,2.UWT,181.0,0,0.0,3977,216,7.2 km solo
2022-09-09,10.0,race/vuelta-a-espana/2022/stage-19,La Vuelta ciclista a España | Stage 19,ES,2.UWT,138.3,6,0.0,2278,101,Sprint of large group
2022-09-08,48.0,race/vuelta-a-espana/2022/stage-18,La Vuelta ciclista a España | Stage 18,ES,2.UWT,192.0,0,0.0,3680,214,Sprint of small group
2022-09-07,59.0,race/vuelta-a-espana/2022/stage-17,La Vuelta ciclista a España | Stage 17,ES,2.UWT,162.3,0,0.0,2755,161,Sprint of small group
2022-09-06,33.0,race/vuelta-a-espana/2022/stage-16,La Vuelta ciclista a España | Stage 16,ES,2.UWT,189.4,0,0.0,1076,28,Sprint of small group
2022-09-04,65.0,race/vuelta-a-espana/2022/stage-15,La Vuelta ciclista a España | Stage 15,ES,2.UWT,152.6,0,0.0,4033,407,6.5 km solo
2022-09-03,62.0,race/vuelta-a-espana/2022/stage-14,La Vuelta ciclista a España | Stage 14,ES,2.UWT,160.3,0,0.0,3312,278,3.3 km solo
2022-09-02,119.0,race/vuelta-a-espana/2022/stage-13,La Vuelta ciclista a España | Stage 13,ES,2.UWT,168.4,0,0.0,1766,54,Sprint of large group
2022-09-01,67.0,race/vuelta-a-espana/2022/stage-12,La Vuelta ciclista a España | Stage 12,ES,2.UWT,192.7,0,0.0,3238,273,1.9 km solo
2022-08-31,122.0,race/vuelta-a-espana/2022/stage-11,La Vuelta ciclista a España | Stage 11,ES,2.UWT,191.2,0,0.0,1592,38,Sprint of large group
2022-08-30,21.0,race/vuelta-a-espana/2022/stage-10,La Vuelta ciclista a España | Stage 10 (ITT),ES,2.UWT,30.9,0,0.0,179,4,Time Trial
2022-08-28,16.0,race/vuelta-a-espana/2022/stage-9,La Vuelta ciclista a España | Stage 9,ES,2.UWT,171.4,0,0.0,3675,242,2.5 km solo
2022-08-27,70.0,race/vuelta-a-espana/2022/stage-8,La Vuelta ciclista a España | Stage 8,ES,2.UWT,153.4,0,0.0,3741,335,5.9 km solo
2022-08-26,79.0,race/vuelta-a-espana/2022/stage-7,La Vuelta ciclista a España | Stage 7,ES,2.UWT,190.0,0,0.0,3359,112,Sprint of small group
2022-08-25,122.0,race/vuelta-a-espana/2022/stage-6,La Vuelta ciclista a España | Stage 6,ES,2.UWT,181.2,0,0.0,4120,294,6.5 km solo
2022-08-24,107.0,race/vuelta-a-espana/2022/stage-5,La Vuelta ciclista a España | Stage 5,ES,2.UWT,187.2,0,0.0,2978,162,15.4 km solo
2022-08-23,79.0,race/vuelta-a-espana/2022/stage-4,La Vuelta ciclista a España | Stage 4,ES,2.UWT,152.5,0,0.0,2319,133,Sprint of large group
2022-08-21,100.0,race/vuelta-a-espana/2022/stage-3,La Vuelta ciclista a España | Stage 3,ES,2.UWT,193.2,0,0.0,255,0,Sprint of large group
2022-08-20,134.0,race/vuelta-a-espana/2022/stage-2,La Vuelta ciclista a España | Stage 2,ES,2.UWT,175.1,0,0.0,518,10,Sprint of large group
2022-08-19,2.0,race/vuelta-a-espana/2022/stage-1,La Vuelta ciclista a España | Stage 1 (TTT),ES,2.UWT,23.3,32,5.0,31,0,Time Trial
2022-07-24,53.0,race/tour-de-france/2022/stage-21,Tour de France | Stage 21,FR,2.UWT,115.6,0,0.0,748,13,Sprint of large group
2022-07-23,15.0,race/tour-de-france/2022/stage-20,Tour de France | Stage 20 (ITT),FR,2.UWT,40.7,1,0.0,434,39,Time Trial
2022-07-22,25.0,race/tour-de-france/2022/stage-19,Tour de France | Stage 19,FR,2.UWT,188.3,0,0.0,1316,35,0.4 km solo
2022-07-21,40.0,race/tour-de-france/2022/stage-18,Tour de France | Stage 18,FR,2.UWT,143.2,0,0.0,4036,408,3.6 km solo
2022-07-20,16.0,race/tour-de-france/2022/stage-17,Tour de France | Stage 17,FR,2.UWT,129.7,0,0.0,3364,324,Sprint à deux
2022-07-19,58.0,race/tour-de-france/2022/stage-16,Tour de France | Stage 16,FR,2.UWT,178.5,0,0.0,3418,204,39 km solo
2022-07-17,82.0,race/tour-de-france/2022/stage-15,Tour de France | Stage 15,FR,2.UWT,202.5,0,0.0,2416,64,Sprint of large group
2022-07-16,48.0,race/tour-de-france/2022/stage-14,Tour de France | Stage 14,FR,2.UWT,192.5,0,0.0,3441,170,1.9 km solo
2022-07-15,69.0,race/tour-de-france/2022/stage-13,Tour de France | Stage 13,FR,2.UWT,192.6,0,0.0,2109,78,Sprint of small group
2022-07-14,52.0,race/tour-de-france/2022/stage-12,Tour de France | Stage 12,FR,2.UWT,165.1,0,0.0,4660,389,11 km solo
2022-07-13,47.0,race/tour-de-france/2022/stage-11,Tour de France | Stage 11,FR,2.UWT,151.7,0,0.0,4070,400,3.9 km solo
2022-07-12,5.0,race/tour-de-france/2022/stage-10,Tour de France | Stage 10,FR,2.UWT,148.1,32,5.0,2733,143,Sprint of small group
2022-07-10,76.0,race/tour-de-france/2022/stage-9,Tour de France | Stage 9,FR,2.UWT,192.9,0,0.0,3743,223,60.5 km solo
2022-07-09,75.0,race/tour-de-france/2022/stage-8,Tour de France | Stage 8,FR,2.UWT,186.3,0,0.0,2556,87,Sprint of small group
2022-07-08,77.0,race/tour-de-france/2022/stage-7,Tour de France | Stage 7,FR,2.UWT,176.3,0,0.0,2526,192,Sprint à deux
2022-07-07,81.0,race/tour-de-france/2022/stage-6,Tour de France | Stage 6,FR,2.UWT,219.9,0,0.0,2477,85,Sprint of small group
2022-07-06,135.0,race/tour-de-france/2022/stage-5,Tour de France | Stage 5,FR,2.UWT,157.0,0,0.0,601,1,Sprint of small group
2022-07-05,87.0,race/tour-de-france/2022/stage-4,Tour de France | Stage 4,FR,2.UWT,171.5,0,0.0,1785,63,11.6 km solo
2022-07-03,80.0,race/tour-de-france/2022/stage-3,Tour de France | Stage 3,FR,2.UWT,182.0,0,0.0,1280,16,Sprint of large group
2022-07-02,166.0,race/tour-de-france/2022/stage-2,Tour de France | Stage 2,FR,2.UWT,202.2,0,0.0,1149,11,Sprint of large group
2022-07-01,143.0,race/tour-de-france/2022/stage-1,Tour de France | Stage 1 (ITT),FR,2.UWT,13.2,0,0.0,21,0,Time Trial
2022-06-19,10.0,race/tour-de-suisse/2022/stage-8,Tour de Suisse | Stage 8 (ITT),CH,2.UWT,25.6,1,0.0,131,3,Time Trial
2022-06-18,60.0,race/tour-de-suisse/2022/stage-7,Tour de Suisse | Stage 7,CH,2.UWT,194.6,0,0.0,3881,347,2 km solo
2022-06-17,59.0,race/tour-de-suisse/2022/stage-6,Tour de Suisse | Stage 6,CH,2.UWT,177.5,0,0.0,4155,304,Sprint of small group
2022-06-16,54.0,race/tour-de-suisse/2022/stage-5,Tour de Suisse | Stage 5,CH,2.UWT,190.1,0,0.0,2610,195,Sprint of small group
2022-06-15,111.0,race/tour-de-suisse/2022/stage-4,Tour de Suisse | Stage 4,CH,2.UWT,190.8,0,0.0,2062,82,Sprint of large group
2022-06-14,81.0,race/tour-de-suisse/2022/stage-3,Tour de Suisse | Stage 3,CH,2.UWT,176.9,0,0.0,3125,119,Sprint of large group
2022-06-13,141.0,race/tour-de-suisse/2022/stage-2,Tour de Suisse | Stage 2,CH,2.UWT,198.0,0,0.0,2746,123,18.2 km solo
2022-06-12,115.0,race/tour-de-suisse/2022/stage-1,Tour de Suisse | Stage 1,CH,2.UWT,177.6,0,0.0,2746,135,Sprint of small group
2022-04-17,1.0,race/paris-roubaix/2022/result,Paris-Roubaix,FR,1.UWT,257.2,275,500.0,1362,5,19.5 km solo
2022-04-10,22.0,race/amstel-gold-race/2022/result,Amstel Gold Race,NL,1.UWT,254.1,13,20.0,3460,112,Sprint à deux
2022-04-03,2.0,race/ronde-van-vlaanderen/2022/result,Ronde van Vlaanderen - Tour des Flandres ME,BE,1.UWT,272.5,200,400.0,2289,79,Sprint of small group
2022-03-30,71.0,race/dwars-door-vlaanderen/2022/result,Dwars door Vlaanderen - A travers la Flandre ME,BE,1.UWT,183.7,5,0.0,1649,50,Sprint à deux
2022-03-27,41.0,race/gent-wevelgem/2022/result,Gent-Wevelgem in Flanders Fields ME,BE,1.UWT,248.8,5,10.0,1377,35,Sprint of small group
2022-03-25,8.0,race/e3-harelbeke/2022/result,E3 Saxo Bank Classic,BE,1.UWT,203.9,50,100.0,2010,59,Other
2022-03-13,35.0,race/paris-nice/2022/stage-8,Paris - Nice | Stage 8,FR,2.UWT,115.6,0,0.0,2436,184,19.2 km solo
2022-03-12,41.0,race/paris-nice/2022/stage-7,Paris - Nice | Stage 7,FR,2.UWT,155.2,0,0.0,3582,303,Sprint of small group
2022-03-11,56.0,race/paris-nice/2022/stage-6,Paris - Nice | Stage 6,FR,2.UWT,213.6,0,0.0,2878,97,9.1 km solo
2022-03-10,33.0,race/paris-nice/2022/stage-5,Paris - Nice | Stage 5,FR,2.UWT,188.8,0,0.0,3408,188,38.7 km solo
2022-03-09,15.0,race/paris-nice/2022/stage-4,Paris - Nice | Stage 4 (ITT),FR,2.UWT,13.4,0,0.0,188,18,Time Trial
2022-03-08,44.0,race/paris-nice/2022/stage-3,Paris - Nice | Stage 3,FR,2.UWT,190.8,0,0.0,1929,63,Sprint of large group
2022-03-07,57.0,race/paris-nice/2022/stage-2,Paris - Nice | Stage 2,FR,2.UWT,159.2,0,0.0,707,8,Sprint of large group
2022-03-06,50.0,race/paris-nice/2022/stage-1,Paris - Nice | Stage 1,FR,2.UWT,159.8,0,0.0,1723,56,Other
2023-08-06,12.0,race/world-championship/2023/result,World Championships ME - Road Race,GB,WC,271.1,60,105.0,3385,73,22.3 km solo
2023-07-23,110.0,race/tour-de-france/2023/stage-21,Tour de France | Stage 21,FR,2.UWT,115.1,0,0.0,577,14,Sprint of large group
2023-07-22,60.0,race/tour-de-france/2023/stage-20,Tour de France | Stage 20,FR,2.UWT,133.5,0,0.0,3471,303,Sprint of 5 riders
2023-07-21,36.0,race/tour-de-france/2023/stage-19,Tour de France | Stage 19,FR,2.UWT,172.8,0,0.0,1934,50,Sprint of 3 riders
2023-07-20,121.0,race/tour-de-france/2023/stage-18,Tour de France | Stage 18,FR,2.UWT,184.9,0,0.0,1216,18,Sprint of small group
2023-07-19,36.0,race/tour-de-france/2023/stage-17,Tour de France | Stage 17,FR,2.UWT,165.7,0,0.0,5399,445,13.1 km solo
2023-07-18,23.0,race/tour-de-france/2023/stage-16,Tour de France | Stage 16 (ITT),FR,2.UWT,22.4,0,0.0,636,109,? - let us know!
2023-07-16,51.0,race/tour-de-france/2023/stage-15,Tour de France | Stage 15,FR,2.UWT,179.0,0,0.0,4483,335,10.8 km solo
2023-07-15,27.0,race/tour-de-france/2023/stage-14,Tour de France | Stage 14,FR,2.UWT,151.8,0,0.0,4281,308,8 km solo
2023-07-14,39.0,race/tour-de-france/2023/stage-13,Tour de France | Stage 13,FR,2.UWT,137.8,0,0.0,2413,260,11.7 km solo
2023-07-13,28.0,race/tour-de-france/2023/stage-12,Tour de France | Stage 12,FR,2.UWT,168.8,0,0.0,3120,147,30.8 km solo
2023-07-12,147.0,race/tour-de-france/2023/stage-11,Tour de France | Stage 11,FR,2.UWT,179.3,0,0.0,1873,34,Sprint of large group
2023-07-11,56.0,race/tour-de-france/2023/stage-10,Tour de France | Stage 10,FR,2.UWT,167.2,0,0.0,3151,118,Sprint of small group
2023-07-09,73.0,race/tour-de-france/2023/stage-9,Tour de France | Stage 9,FR,2.UWT,182.4,0,0.0,3441,273,0.44 km solo
2023-07-08,168.0,race/tour-de-france/2023/stage-8,Tour de France | Stage 8,FR,2.UWT,200.7,0,0.0,1996,61,Sprint of large group
2023-07-07,146.0,race/tour-de-france/2023/stage-7,Tour de France | Stage 7,FR,2.UWT,169.9,0,0.0,808,7,Sprint of large group
2023-07-06,60.0,race/tour-de-france/2023/stage-6,Tour de France | Stage 6,FR,2.UWT,144.9,0,0.0,3894,310,2.7 km solo
2023-07-05,61.0,race/tour-de-france/2023/stage-5,Tour de France | Stage 5,FR,2.UWT,162.7,0,0.0,3652,239,20.2 km solo
2023-07-04,126.0,race/tour-de-france/2023/stage-4,Tour de France | Stage 4,FR,2.UWT,181.8,0,0.0,1427,20,Sprint of large group
2023-07-03,150.0,race/tour-de-france/2023/stage-3,Tour de France | Stage 3,FR,2.UWT,193.5,0,0.0,2667,68,Sprint of large group
2023-07-02,43.0,race/tour-de-france/2023/stage-2,Tour de France | Stage 2,FR,2.UWT,208.9,0,0.0,2949,141,0.95 km solo
2023-07-01,73.0,race/tour-de-france/2023/stage-1,Tour de France | Stage 1,FR,2.UWT,182.0,0,0.0,3221,166,0.35 km solo
2023-06-11,47.0,race/dauphine/2023/stage-8,Critérium du Dauphiné | Stage 8,FR,2.UWT,152.8,0,0.0,4160,328,20 km solo
2023-06-10,42.0,race/dauphine/2023/stage-7,Critérium du Dauphiné | Stage 7,FR,2.UWT,147.9,0,0.0,4015,312,5.3 km solo
2023-06-09,78.0,race/dauphine/2023/stage-6,Critérium du Dauphiné | Stage 6,FR,2.UWT,170.2,0,0.0,3406,243,Sprint à deux
2023-06-08,116.0,race/dauphine/2023/stage-5,Critérium du Dauphiné | Stage 5,FR,2.UWT,191.1,0,0.0,2018,98,15.8 km solo
2023-06-07,69.0,race/dauphine/2023/stage-4,Critérium du Dauphiné | Stage 4 (ITT),FR,2.UWT,31.1,0,0.0,408,20,Time Trial
2023-06-06,132.0,race/dauphine/2023/stage-3,Critérium du Dauphiné | Stage 3,FR,2.UWT,194.1,0,0.0,2089,44,Sprint of large group
2023-06-05,137.0,race/dauphine/2023/stage-2,Critérium du Dauphiné | Stage 2,FR,2.UWT,167.3,0,0.0,2865,100,Sprint of large group
2023-06-04,136.0,race/dauphine/2023/stage-1,Critérium du Dauphiné | Stage 1,FR,2.UWT,158.0,0,0.0,2753,119,Sprint of large group
2023-04-09,,race/paris-roubaix/2023/result,Paris-Roubaix,FR,1.UWT,256.6,0,0.0,1380,4,15.1 km solo
2023-03-24,,race/e3-harelbeke/2023/result,E3 Saxo Classic,BE,1.UWT,204.1,0,0.0,2017,58,Sprint of small group
2023-03-11,,race/tirreno-adriatico/2023/stage-6,Tirreno-Adriatico | Stage 6,IT,2.UWT,193.0,0,0.0,3610,207,Sprint of small group
2023-03-10,87.0,race/tirreno-adriatico/2023/stage-5,Tirreno-Adriatico | Stage 5,IT,2.UWT,165.6,0,0.0,3682,275,Sprint of small group
2023-03-09,79.0,race/tirreno-adriatico/2023/stage-4,Tirreno-Adriatico | Stage 4,IT,2.UWT,218.0,0,0.0,2503,134,Sprint of small group
2023-03-08,116.0,race/tirreno-adriatico/2023/stage-3,Tirreno-Adriatico | Stage 3,IT,2.UWT,216.0,0,0.0,2601,57,Sprint of large group
2023-03-07,154.0,race/tirreno-adriatico/2023/stage-2,Tirreno-Adriatico | Stage 2,IT,2.UWT,210.0,0,0.0,1592,34,Sprint of large group
2023-03-06,37.0,race/tirreno-adriatico/2023/stage-1,Tirreno-Adriatico | Stage 1 (ITT),IT,2.UWT,11.5,0,0.0,3,0,? - let us know!
2023-02-25,1.0,race/omloop-het-nieuwsblad/2023/result,Omloop Het Nieuwsblad ME,BE,1.UWT,207.3,225,300.0,1616,52,16.5 km solo
